ID,First Name,Last Name,Email,City,Registered Date
1,Brian,Patton,brian.patton@example.com,Herrerashire,2025-02-16
2,Kristina,Blevins,kristina.blevins@example.com,Kimberlyborough,2024-07-05
3,Jason,Henderson,jason.henderson@example.com,Samuelside,2024-09-27
4,Sara,Lang,sara.lang@example.com,Marksborough,2023-09-10
5,Jacqueline,Salazar,jacqueline.salazar@example.com,Richardbury,2024-09-30
6,Kimberly,Briggs,kimberly.briggs@example.com,Charlesmouth,2025-01-02
7,Leah,Sutton,leah.sutton@example.com,Webbton,2024-11-07
8,Aaron,Castro,aaron.castro@example.com,Jenniferview,2024-08-23
9,Keith,Brewer,keith.brewer@example.com,Ramseyton,2025-07-27
10,Laura,Baker,laura.baker@example.com,Lake Harold,2023-11-30
11,Patricia,Jenkins,patricia.jenkins@example.com,Leslieview,2024-11-07
12,Veronica,Cox,veronica.cox@example.com,Port Kylefurt,2025-06-21
13,Jennifer,Perez,jennifer.perez@example.com,Port Melissa,2025-06-19
14,Robin,Greene,robin.greene@example.com,Lake Gabrielleberg,2024-09-30
15,Antonio,Hughes,antonio.hughes@example.com,North Andrewborough,2025-03-27
16,Richard,Cox,richard.cox@example.com,West Juan,2025-05-29
17,Gabriel,Gonzales,gabriel.gonzales@example.com,North Alexandria,2025-04-23
18,Amy,Fowler,amy.fowler@example.com,West Rhonda,2025-04-11
19,Mark,Smith,mark.smith@example.com,North Christophertown,2025-02-12
20,Sharon,Ward,sharon.ward@example.com,South Ashlee,2024-10-02
21,Dalton,Garcia,dalton.garcia@example.com,Kimberg,2025-06-25
22,Victoria,Marks,victoria.marks@example.com,East Stephen,2023-08-15
23,Kimberly,Sanders,kimberly.sanders@example.com,Jennafort,2025-03-24
24,Michael,Hayes,michael.hayes@example.com,Brittanyland,2025-07-28
25,Alyssa,Johnson,alyssa.johnson@example.com,Katiefort,2024-04-15
26,Johnny,Fisher,johnny.fisher@example.com,New Jessicamouth,2023-10-06
27,Justin,Clark,justin.clark@example.com,Houstonland,2023-09-02
28,Angela,Townsend,angela.townsend@example.com,West David,2024-11-20
29,Willie,Carpenter,willie.carpenter@example.com,Shanehaven,2024-10-14
30,Marcus,Whitney,marcus.whitney@example.com,Port Thomasside,2025-08-04
31,Diana,Houston,diana.houston@example.com,Wheelerfurt,2025-01-15
32,Wesley,Cline,wesley.cline@example.com,East Kennethborough,2023-10-14
33,Jessica,Wilson,jessica.wilson@example.com,Morrisland,2023-08-22
34,Natasha,Good,natasha.good@example.com,Odombury,2025-02-17
35,Joshua,Alvarez,joshua.alvarez@example.com,Barbermouth,2025-07-28
36,Paul,Nelson,paul.nelson@example.com,Brownville,2023-12-11
37,Bryan,Gonzalez,bryan.gonzalez@example.com,West Matthew,2024-03-20
38,Kenneth,Green,kenneth.green@example.com,Lake Melissaton,2024-10-28
39,Michael,Castro,michael.castro@example.com,Ashleeshire,2024-02-24
40,Michael,Phillips,michael.phillips@example.com,Hopkinsport,2025-05-16
41,Kimberly,Lewis,kimberly.lewis@example.com,Johnstonport,2025-06-09
42,Selena,Horne,selena.horne@example.com,Donnaton,2024-11-14
43,Kerry,Downs,kerry.downs@example.com,Jacksonberg,2024-03-25
44,Samantha,Olson,samantha.olson@example.com,Higginsmouth,2023-11-30
45,Shelley,Ellis,shelley.ellis@example.com,Port Juliachester,2024-02-19
46,Jessica,Jennings,jessica.jennings@example.com,Lake Mark,2025-05-18
47,Noah,Bridges,noah.bridges@example.com,Vanessashire,2024-05-02
48,John,Torres,john.torres@example.com,Kennethfurt,2025-08-11
49,Scott,Robertson,scott.robertson@example.com,Sullivanfurt,2024-07-30
50,Mark,Hayes,mark.hayes@example.com,Christineshire,2024-03-22
51,Lauren,Hill,lauren.hill@example.com,Comptonburgh,2025-05-19
52,Ana,Jackson,ana.jackson@example.com,Aguirreport,2025-01-11
53,Jeffrey,Harris,jeffrey.harris@example.com,Port Anna,2025-07-04
54,Brandi,Williams,brandi.williams@example.com,North Kathleen,2025-02-08
55,Michael,Mann,michael.mann@example.com,New Margaret,2024-06-13
56,Anita,Smith,anita.smith@example.com,North Linda,2025-05-24
57,Hannah,Butler,hannah.butler@example.com,South Marytown,2024-06-07
58,Amanda,Wright,amanda.wright@example.com,Sanchezville,2024-05-25
59,Michael,Berry,michael.berry@example.com,Lake Gregory,2025-07-11
60,Lori,Douglas,lori.douglas@example.com,Brownton,2025-07-02
61,Gregory,Vazquez,gregory.vazquez@example.com,West Jacob,2024-04-02
62,Richard,Ortiz,richard.ortiz@example.com,Marciaberg,2024-08-18
63,Amber,Rios,amber.rios@example.com,Mcculloughton,2024-09-30
64,Matthew,Obrien,matthew.obrien@example.com,Sellersville,2023-12-27
65,Charlene,Rogers,charlene.rogers@example.com,Youngbury,2025-08-05
66,Tina,Eaton,tina.eaton@example.com,North Joseph,2024-08-16
67,Nicole,Heath,nicole.heath@example.com,New Joel,2024-03-05
68,Jonathan,Quinn,jonathan.quinn@example.com,Lake Michael,2025-06-03
69,Nicole,Rhodes,nicole.rhodes@example.com,Port Angelamouth,2025-03-30
70,Samuel,Stewart,samuel.stewart@example.com,North Jerryfurt,2024-08-08
71,Thomas,Mendoza,thomas.mendoza@example.com,Port Ryan,2024-04-06
72,Robert,Brown,robert.brown@example.com,Mccartyville,2025-04-28
73,Courtney,Hall,courtney.hall@example.com,Wallacebury,2024-01-23
74,Ryan,Atkinson,ryan.atkinson@example.com,Gomezhaven,2024-09-26
75,Joel,Lawrence,joel.lawrence@example.com,Joseside,2025-01-04
76,Marvin,Swanson,marvin.swanson@example.com,North Eric,2025-06-17
77,Rita,Jones,rita.jones@example.com,New Jonathan,2024-01-26
78,Kathleen,Fox,kathleen.fox@example.com,Atkinshaven,2024-03-15
79,William,Thomas,william.thomas@example.com,North Jason,2025-06-30
80,Chase,Ramirez,chase.ramirez@example.com,Brandonchester,2024-01-03
81,James,Haas,james.haas@example.com,Duartestad,2024-10-16
82,Renee,Edwards,renee.edwards@example.com,Kennethland,2024-08-18
83,Leslie,Nelson,leslie.nelson@example.com,West Brad,2023-12-24
84,Sarah,Clark,sarah.clark@example.com,South Jaymouth,2024-04-06
85,Robert,George,robert.george@example.com,Port Tara,2025-03-25
86,Yolanda,Hinton,yolanda.hinton@example.com,Lake Victoriamouth,2023-09-27
87,Shane,Campbell,shane.campbell@example.com,Charlesshire,2024-01-14
88,Lindsay,Adams,lindsay.adams@example.com,Edwardstown,2024-04-15
89,Angela,Greene,angela.greene@example.com,Weberview,2024-12-12
90,Elizabeth,Charles,elizabeth.charles@example.com,Lake Erinton,2024-10-24
91,Jennifer,Bauer,jennifer.bauer@example.com,North Christina,2023-10-28
92,Jackie,Davis,jackie.davis@example.com,New Melodystad,2025-01-15
93,Ethan,Vaughan,ethan.vaughan@example.com,Jessicaside,2024-10-15
94,Nathan,Garrison,nathan.garrison@example.com,Davisfort,2025-03-10
95,Benjamin,Bush,benjamin.bush@example.com,Lake Peggyfurt,2025-01-25
96,Joshua,Brown,joshua.brown@example.com,North Dylantown,2024-10-09
97,Jeremy,Chan,jeremy.chan@example.com,North Marthafurt,2024-05-15
98,Gail,Jones,gail.jones@example.com,New Joshua,2025-07-14
99,Tyler,Long,tyler.long@example.com,West Mark,2024-11-14
100,Robert,Foster,robert.foster@example.com,Teresaville,2025-05-19
101,Richard,Foley,richard.foley@example.com,Jessicastad,2025-01-10
102,Sara,Johnson,sara.johnson@example.com,Lake Ronaldtown,2024-09-26
103,Richard,Rose,richard.rose@example.com,North Mirandaview,2024-03-04
104,Deborah,Hughes,deborah.hughes@example.com,Cynthiaview,2024-07-30
105,Karen,Nolan,karen.nolan@example.com,Frazierfort,2025-08-09
106,Amanda,Martinez,amanda.martinez@example.com,Dianahaven,2025-01-27
107,Anthony,Scott,anthony.scott@example.com,Johnhaven,2024-07-30
108,Scott,Leblanc,scott.leblanc@example.com,Lake Todd,2024-05-29
109,James,Stone,james.stone@example.com,New Emily,2024-04-02
110,Rebecca,Elliott,rebecca.elliott@example.com,Lake Kayleeburgh,2024-09-26
111,Rachel,Bauer,rachel.bauer@example.com,Kellyville,2025-06-08
112,Marilyn,Graham,marilyn.graham@example.com,Suttonstad,2023-09-24
113,Gregory,Mitchell,gregory.mitchell@example.com,Smithland,2023-09-12
114,Chad,Stout,chad.stout@example.com,New Mike,2024-07-12
115,Jennifer,Craig,jennifer.craig@example.com,Alecbury,2025-07-10
116,David,Evans,david.evans@example.com,Lake John,2024-09-29
117,Andrew,Taylor,andrew.taylor@example.com,Wrightberg,2024-10-22
118,Dorothy,Dyer,dorothy.dyer@example.com,Sawyerhaven,2025-06-12
119,Amy,Grant,amy.grant@example.com,Brentshire,2024-01-08
120,Jose,Harvey,jose.harvey@example.com,West Vanessa,2024-12-17
121,Christina,Taylor,christina.taylor@example.com,East Anita,2024-03-27
122,Dana,Bowman,dana.bowman@example.com,Bryanton,2023-09-22
123,Katherine,Baker,katherine.baker@example.com,Port Gloriamouth,2024-12-18
124,Justin,Snyder,justin.snyder@example.com,North Susan,2025-04-02
125,Connor,Powell,connor.powell@example.com,Graychester,2023-09-08
126,Crystal,Martinez,crystal.martinez@example.com,Gordonfort,2023-09-15
127,Angela,Brown,angela.brown@example.com,Lake Christopherfurt,2024-10-22
128,Cathy,Horn,cathy.horn@example.com,New Ericton,2024-06-24
129,Alan,Burns,alan.burns@example.com,Wheelerburgh,2023-08-23
130,Kelly,Torres,kelly.torres@example.com,Maryfurt,2023-11-20
131,Crystal,Howell,crystal.howell@example.com,Christophertown,2025-03-11
132,Daniel,Jones,daniel.jones@example.com,Smithmouth,2024-12-28
133,Jessica,Chung,jessica.chung@example.com,New Thomas,2024-04-06
134,Rachel,Chen,rachel.chen@example.com,New Casey,2025-04-01
135,Allen,Andrews,allen.andrews@example.com,Jonathanview,2025-03-21
136,Jennifer,Potts,jennifer.potts@example.com,Lindachester,2025-07-03
137,Bruce,Paul,bruce.paul@example.com,Matthewmouth,2023-12-22
138,James,Moon,james.moon@example.com,North Brettbury,2024-12-13
139,Jennifer,Lewis,jennifer.lewis@example.com,West Shawnstad,2024-07-07
140,Kathleen,Morris,kathleen.morris@example.com,Tylerfurt,2025-05-12
141,Melinda,Burnett,melinda.burnett@example.com,Walshshire,2023-09-13
142,Amanda,Williamson,amanda.williamson@example.com,Joshuafort,2025-02-10
143,Jessica,Garner,jessica.garner@example.com,Port Natashabury,2024-09-04
144,Angela,Buckley,angela.buckley@example.com,Mcbridemouth,2024-06-25
145,Anthony,Anderson,anthony.anderson@example.com,East Amandaberg,2025-07-21
146,Phyllis,Taylor,phyllis.taylor@example.com,New Aaronstad,2024-09-18
147,Kathy,Campbell,kathy.campbell@example.com,Courtneymouth,2024-10-22
148,Sharon,Edwards,sharon.edwards@example.com,Jamesmouth,2025-06-11
149,Mark,White,mark.white@example.com,West Mariamouth,2023-08-22
150,Alexander,Rojas,alexander.rojas@example.com,Mitchellmouth,2023-11-24
151,Anthony,Richard,anthony.richard@example.com,East Ryan,2024-06-21
152,Jesse,Garcia,jesse.garcia@example.com,Rachelport,2024-08-28
153,Sarah,Hoffman,sarah.hoffman@example.com,Jonathanton,2024-11-27
154,Danielle,Dunn,danielle.dunn@example.com,East Stephen,2023-09-20
155,Ryan,Peters,ryan.peters@example.com,South Robertshire,2024-12-24
156,Robert,Choi,robert.choi@example.com,Port Kayla,2024-02-09
157,Donald,Christian,donald.christian@example.com,Simpsonshire,2024-03-28
158,Michele,Garcia,michele.garcia@example.com,Port Daniel,2024-10-13
159,Victoria,Jimenez,victoria.jimenez@example.com,East Benjamin,2023-09-18
160,Timothy,Weiss,timothy.weiss@example.com,East Sarahtown,2024-08-01
161,Lucas,Carlson,lucas.carlson@example.com,Kellychester,2024-09-17
162,Dennis,Guzman,dennis.guzman@example.com,South Suzanne,2024-12-07
163,Cheryl,Gardner,cheryl.gardner@example.com,Leeton,2024-06-20
164,Jessica,Bautista,jessica.bautista@example.com,North Rebeccamouth,2023-11-11
165,Phyllis,Green,phyllis.green@example.com,Romeroland,2023-10-27
166,Derek,Kim,derek.kim@example.com,East Aaron,2024-04-05
167,Cheryl,Martinez,cheryl.martinez@example.com,South Lisa,2024-08-29
168,Hailey,Moore,hailey.moore@example.com,Reedhaven,2024-04-03
169,Jake,Hernandez,jake.hernandez@example.com,South Kara,2025-03-21
170,Paul,Huerta,paul.huerta@example.com,Frederickton,2024-03-25
171,Leslie,Shaw,leslie.shaw@example.com,Johnshire,2024-02-13
172,Rose,Reynolds,rose.reynolds@example.com,Port Marthaville,2024-09-01
173,Richard,Pearson,richard.pearson@example.com,Kathrynmouth,2023-09-30
174,Sylvia,Shepard,sylvia.shepard@example.com,Randyfurt,2025-01-09
175,Angela,Powell,angela.powell@example.com,Timothyland,2024-08-30
176,Ryan,Cunningham,ryan.cunningham@example.com,West Gregory,2023-11-18
177,Bryan,Howard,bryan.howard@example.com,Johnsonberg,2024-04-15
178,Stephanie,Campbell,stephanie.campbell@example.com,North Ericfort,2024-07-10
179,Kendra,Hunter,kendra.hunter@example.com,Jasmineshire,2024-12-01
180,Christina,Murphy,christina.murphy@example.com,East Michelle,2023-10-15
181,Linda,Case,linda.case@example.com,Port Christopherport,2025-06-28
182,Savannah,Brown,savannah.brown@example.com,Lake Melissa,2024-01-02
183,Katherine,Chandler,katherine.chandler@example.com,Chapmanstad,2025-07-22
184,Theresa,Howard,theresa.howard@example.com,South Stanley,2024-04-10
185,Lauren,Gomez,lauren.gomez@example.com,Tranburgh,2025-01-04
186,Christopher,Brown,christopher.brown@example.com,Ryanport,2024-04-05
187,Dennis,Morgan,dennis.morgan@example.com,Bakerfort,2024-04-23
188,Lauren,Vaughn,lauren.vaughn@example.com,Port Donald,2024-05-29
189,Michael,Velez,michael.velez@example.com,Brianfurt,2024-11-13
190,April,Cox,april.cox@example.com,Laurahaven,2024-10-08
191,Nicolas,Morris,nicolas.morris@example.com,Byrdfurt,2024-08-01
192,Ashley,Robbins,ashley.robbins@example.com,Robinshire,2024-01-05
193,Michelle,Bradley,michelle.bradley@example.com,Josephborough,2024-10-23
194,Spencer,Bartlett,spencer.bartlett@example.com,Smithmouth,2024-10-09
195,Stephen,Schneider,stephen.schneider@example.com,North Shelby,2025-02-22
196,Tracy,Miller,tracy.miller@example.com,West Katieville,2024-11-02
197,Timothy,Meyer,timothy.meyer@example.com,West Rebeccastad,2023-09-04
198,Travis,Brown,travis.brown@example.com,Conleyberg,2024-04-10
199,Theresa,Williams,theresa.williams@example.com,South Lance,2025-04-16
200,Robert,Duran,robert.duran@example.com,Sandramouth,2025-07-14
201,Jack,Garcia,jack.garcia@example.com,Jeffreystad,2023-12-05
202,Kathy,Mitchell,kathy.mitchell@example.com,Toniberg,2025-07-15
203,Barry,Jenkins,barry.jenkins@example.com,North Brittany,2023-10-06
204,Melissa,Eaton,melissa.eaton@example.com,New Mathew,2025-07-29
205,Brittany,Graham,brittany.graham@example.com,Joshuafort,2024-01-07
206,Mark,Lutz,mark.lutz@example.com,Joshuaburgh,2024-01-06
207,Amy,Adams,amy.adams@example.com,South Michaelside,2024-05-27
208,Crystal,Yu,crystal.yu@example.com,Fischerside,2024-10-05
209,Chad,Carey,chad.carey@example.com,North Claytonland,2024-11-07
210,Keith,Morales,keith.morales@example.com,Quinnport,2025-06-10
211,John,Dean,john.dean@example.com,Howardmouth,2025-07-23
212,Ryan,Hart,ryan.hart@example.com,Roachport,2025-05-04
213,Jacqueline,Ball,jacqueline.ball@example.com,Bushshire,2025-06-21
214,Steven,Jones,steven.jones@example.com,Sarahchester,2023-08-29
215,Shane,Ortiz,shane.ortiz@example.com,Jeffreyland,2023-10-04
216,Kristi,Nash,kristi.nash@example.com,Kevinland,2024-06-16
217,Kristin,Gallagher,kristin.gallagher@example.com,Foxburgh,2024-01-11
218,Tracey,Miller,tracey.miller@example.com,North Robert,2025-01-05
219,Carla,Padilla,carla.padilla@example.com,West Kimview,2024-09-15
220,Laura,Ross,laura.ross@example.com,South Emilyview,2024-12-05
221,Katherine,Warren,katherine.warren@example.com,Lake Charlesborough,2023-09-25
222,Lisa,Walters,lisa.walters@example.com,Turnermouth,2025-02-15
223,Edward,Williams,edward.williams@example.com,West Brian,2024-10-24
224,Michael,Craig,michael.craig@example.com,North Stephaniestad,2025-01-23
225,Leroy,Proctor,leroy.proctor@example.com,Barbaraview,2024-12-08
226,Caitlin,Stanley,caitlin.stanley@example.com,Velezland,2024-08-14
227,Jonathan,Weber,jonathan.weber@example.com,East Danielville,2024-09-11
228,Manuel,Cole,manuel.cole@example.com,Mcbridehaven,2025-03-16
229,Todd,Anthony,todd.anthony@example.com,West Michael,2024-04-23
230,Rebecca,Anderson,rebecca.anderson@example.com,Port Christinatown,2023-11-08
231,Sally,Howard,sally.howard@example.com,Port Sarahville,2025-08-09
232,Tracy,Campbell,tracy.campbell@example.com,New Melissa,2024-05-01
233,Melissa,Sweeney,melissa.sweeney@example.com,North Kennethfurt,2025-06-08
234,Kristy,Ritter,kristy.ritter@example.com,Ruizville,2024-07-10
235,Theodore,Lopez,theodore.lopez@example.com,South Brandon,2024-07-14
236,William,Williamson,william.williamson@example.com,Olsenhaven,2024-10-11
237,Jennifer,Decker,jennifer.decker@example.com,Woodsmouth,2023-08-18
238,Charles,Walters,charles.walters@example.com,North Haley,2024-04-10
239,Natasha,Rhodes,natasha.rhodes@example.com,Swansonshire,2025-03-30
240,Joseph,Taylor,joseph.taylor@example.com,New Samantha,2023-08-27
241,Jason,Martin,jason.martin@example.com,Christopherland,2024-03-30
242,Jenny,Becker,jenny.becker@example.com,Seanside,2025-04-08
243,Andrea,Day,andrea.day@example.com,Johnsonshire,2024-04-02
244,Matthew,Martin,matthew.martin@example.com,East Joseph,2024-03-24
245,Matthew,Fuller,matthew.fuller@example.com,West Richardview,2023-10-24
246,Melanie,Mccoy,melanie.mccoy@example.com,Port Nathanielland,2024-12-19
247,Daniel,Thompson,daniel.thompson@example.com,Howardport,2025-01-11
248,Brandi,Rivera,brandi.rivera@example.com,New Sylvia,2024-11-23
249,Jeff,Daniel,jeff.daniel@example.com,Port Kennethmouth,2024-05-22
250,Ashley,Allison,ashley.allison@example.com,South Amandaton,2025-06-29
251,Jason,Nelson,jason.nelson@example.com,East Theresa,2023-10-09
252,Courtney,Walker,courtney.walker@example.com,North Nicolehaven,2023-12-22
253,Christine,Petersen,christine.petersen@example.com,Durhamton,2024-10-12
254,Mark,Warner,mark.warner@example.com,New Brianchester,2023-11-17
255,Eric,Cannon,eric.cannon@example.com,South Marc,2024-07-27
256,Patrick,Blackwell,patrick.blackwell@example.com,Coreyfurt,2025-01-14
257,Lauren,Hooper,lauren.hooper@example.com,Schwartzmouth,2024-03-28
258,Justin,Baker,justin.baker@example.com,Adamsfort,2025-03-17
259,Nicole,Swanson,nicole.swanson@example.com,Port Rachaelfort,2025-06-18
260,Jodi,Lee,jodi.lee@example.com,Johnside,2024-09-04
261,Ethan,Fisher,ethan.fisher@example.com,Ashleyview,2023-10-17
262,Stephanie,Thomas,stephanie.thomas@example.com,Matthewport,2023-10-13
263,Nicholas,Smith,nicholas.smith@example.com,Shannonburgh,2023-09-18
264,Cassandra,Williams,cassandra.williams@example.com,Aaronborough,2024-05-17
265,Darren,Flowers,darren.flowers@example.com,South Amber,2024-12-19
266,Kathryn,Weaver,kathryn.weaver@example.com,Wrightview,2024-02-22
267,James,Rich,james.rich@example.com,Port Maryborough,2024-11-19
268,Christina,Stewart,christina.stewart@example.com,South Stephanieside,2024-08-04
269,Peter,Jacobs,peter.jacobs@example.com,Schroederfort,2023-11-06
270,Curtis,White,curtis.white@example.com,East Heather,2024-07-25
271,Brittany,Jensen,brittany.jensen@example.com,Petersonmouth,2025-02-21
272,Michael,Reyes,michael.reyes@example.com,West Timothy,2024-01-17
273,Eric,Grimes,eric.grimes@example.com,North Nancy,2024-04-03
274,Stephen,Harris,stephen.harris@example.com,Michaelview,2024-06-08
275,Nancy,Rogers,nancy.rogers@example.com,West Angelicabury,2024-10-01
276,Timothy,Silva,timothy.silva@example.com,Trevorshire,2025-01-14
277,Travis,Benson,travis.benson@example.com,Victoriaside,2024-12-26
278,Tyler,Schwartz,tyler.schwartz@example.com,Smithland,2024-01-18
279,Phillip,Hicks,phillip.hicks@example.com,Williamville,2024-11-23
280,Steven,Baxter,steven.baxter@example.com,Murphyburgh,2023-09-17
281,Michael,Clark,michael.clark@example.com,Lake Markbury,2024-09-13
282,James,Johns,james.johns@example.com,Port Carla,2025-07-31
283,Michael,Robinson,michael.robinson@example.com,Kimberlytown,2024-06-08
284,Joe,Jones,joe.jones@example.com,Lake Renee,2024-11-16
285,Jared,Reyes,jared.reyes@example.com,Cooperview,2023-09-28
286,Douglas,Reed,douglas.reed@example.com,Port Rachel,2024-06-09
287,Darrell,Simmons,darrell.simmons@example.com,South Aaron,2024-03-21
288,Amanda,Cox,amanda.cox@example.com,Dillonfurt,2025-04-18
289,Mark,Carr,mark.carr@example.com,Henrymouth,2025-01-02
290,Cory,Solomon,cory.solomon@example.com,Lake Kimberly,2024-02-16
291,Brian,Wright,brian.wright@example.com,Lake Jennifer,2024-12-18
292,Maxwell,Alvarez,maxwell.alvarez@example.com,New Justinhaven,2024-11-12
293,Kimberly,Johnson,kimberly.johnson@example.com,Justinfort,2024-03-10
294,Elaine,Lozano,elaine.lozano@example.com,Meganberg,2025-06-02
295,Kenneth,Myers,kenneth.myers@example.com,Adamland,2023-10-22
296,Tiffany,Gaines,tiffany.gaines@example.com,East Rachel,2024-07-10
297,Tammy,Carlson,tammy.carlson@example.com,South James,2023-11-06
298,Natalie,Shannon,natalie.shannon@example.com,Davidstad,2025-08-10
299,Darren,Johnson,darren.johnson@example.com,East Ann,2024-06-11
300,Tracey,Marshall,tracey.marshall@example.com,North Robert,2025-08-11
301,Jonathan,Bowers,jonathan.bowers@example.com,Mooreview,2025-03-07
302,Melissa,Cruz,melissa.cruz@example.com,East Joseph,2025-02-09
303,Amber,Jones,amber.jones@example.com,East Joel,2024-08-07
304,Richard,Blair,richard.blair@example.com,South Hannah,2024-06-12
305,Jimmy,Stone,jimmy.stone@example.com,Reedhaven,2025-06-15
306,Danielle,Olson,danielle.olson@example.com,Sheilastad,2024-12-04
307,Michael,Lucero,michael.lucero@example.com,New Danamouth,2023-08-30
308,Eric,Nguyen,eric.nguyen@example.com,Port Bill,2024-09-22
309,Jerry,Lee,jerry.lee@example.com,Lake Jeromemouth,2025-07-26
310,Joanna,Phillips,joanna.phillips@example.com,Heatherton,2024-08-30
311,John,Johnson,john.johnson@example.com,East Pattyshire,2024-06-01
312,Loretta,Ruiz,loretta.ruiz@example.com,East Amy,2025-06-11
313,Rebecca,Valencia,rebecca.valencia@example.com,Pricetown,2024-03-14
314,Sherry,Johnson,sherry.johnson@example.com,Smithville,2024-03-27
315,Calvin,Alvarado,calvin.alvarado@example.com,Deborahview,2024-10-14
316,Jason,May,jason.may@example.com,East Margaret,2024-07-02
317,Jennifer,Smith,jennifer.smith@example.com,Garciaview,2023-11-14
318,Rachel,Burton,rachel.burton@example.com,Pamborough,2023-12-10
319,Brian,Diaz,brian.diaz@example.com,Humphreyville,2024-10-17
320,Paul,Peterson,paul.peterson@example.com,Vanessaberg,2024-05-28
321,Seth,Kennedy,seth.kennedy@example.com,South Kevin,2025-02-18
322,Katelyn,Davis,katelyn.davis@example.com,South Lisa,2024-04-20
323,Jennifer,Turner,jennifer.turner@example.com,Lopezfort,2024-05-03
324,Kyle,Wolfe,kyle.wolfe@example.com,Port Annland,2023-12-05
325,Michael,Leon,michael.leon@example.com,Derekborough,2024-10-03
326,Michelle,Cobb,michelle.cobb@example.com,Port Kellyshire,2025-03-27
327,Colleen,Ashley,colleen.ashley@example.com,Abigailburgh,2025-02-14
328,Kara,Norris,kara.norris@example.com,South Dianefort,2024-12-30
329,Gary,Griffin,gary.griffin@example.com,East Kelsey,2023-12-15
330,Jeffrey,Griffith,jeffrey.griffith@example.com,Mccormickport,2025-01-15
331,Kelly,Rodgers,kelly.rodgers@example.com,Johnmouth,2025-05-02
332,Kelly,Hamilton,kelly.hamilton@example.com,West Timothyport,2023-12-19
333,Daniel,Green,daniel.green@example.com,Port Matthew,2024-08-14
334,Michael,Rivas,michael.rivas@example.com,West Michael,2024-08-21
335,Donna,Dixon,donna.dixon@example.com,West William,2024-11-13
336,Joyce,Juarez,joyce.juarez@example.com,East Danielleburgh,2023-09-01
337,Crystal,Evans,crystal.evans@example.com,New Jason,2025-01-15
338,Laura,Hill,laura.hill@example.com,Natashaton,2025-04-11
339,Jessica,Miller,jessica.miller@example.com,Jessicaborough,2024-05-06
340,Robin,White,robin.white@example.com,Christinaport,2024-07-04
341,Shannon,Robinson,shannon.robinson@example.com,Christopherstad,2024-07-23
342,Jennifer,Harris,jennifer.harris@example.com,East Michaelmouth,2025-07-13
343,Jason,Evans,jason.evans@example.com,New Lacey,2024-08-11
344,Haley,Rich,haley.rich@example.com,Anaport,2024-08-26
345,Jessica,Watson,jessica.watson@example.com,Shaneport,2023-12-27
346,Erica,Gordon,erica.gordon@example.com,Elizabethberg,2024-11-08
347,James,Thompson,james.thompson@example.com,North Brianshire,2024-07-28
348,Brian,Martinez,brian.martinez@example.com,West Williamborough,2024-03-02
349,Cheryl,Vaughan,cheryl.vaughan@example.com,Rachelmouth,2024-05-22
350,Susan,Rodriguez,susan.rodriguez@example.com,Carolfort,2024-02-01
351,Maria,Juarez,maria.juarez@example.com,West Stacey,2024-10-14
352,Michelle,Russell,michelle.russell@example.com,Port Adrianburgh,2024-05-20
353,Mary,Green,mary.green@example.com,New Andrea,2025-05-29
354,Ryan,Bennett,ryan.bennett@example.com,New Christinehaven,2024-09-14
355,Amanda,Howe,amanda.howe@example.com,Ravenborough,2025-04-15
356,Elaine,Fields,elaine.fields@example.com,East Patriciastad,2024-07-08
357,Cathy,Ruiz,cathy.ruiz@example.com,Bradborough,2025-05-27
358,Lisa,Hart,lisa.hart@example.com,Pettymouth,2025-04-05
359,Ann,Sutton,ann.sutton@example.com,Edwardview,2024-09-08
360,Stephanie,Hudson,stephanie.hudson@example.com,Williamsstad,2024-12-10
361,Thomas,Vazquez,thomas.vazquez@example.com,Ruizmouth,2024-11-30
362,Anthony,Thomas,anthony.thomas@example.com,Christinaland,2023-09-25
363,Joseph,Cannon,joseph.cannon@example.com,Gonzalezton,2024-01-29
364,Tracy,Wood,tracy.wood@example.com,Port Danielshire,2023-09-24
365,Karen,Hernandez,karen.hernandez@example.com,Jamesstad,2024-10-06
366,Jack,Bauer,jack.bauer@example.com,South Theresa,2024-07-03
367,Andrew,Clayton,andrew.clayton@example.com,Gonzalesburgh,2025-04-11
368,Tyler,Conrad,tyler.conrad@example.com,West Carrie,2023-11-04
369,Lacey,Warren,lacey.warren@example.com,Connorview,2023-10-30
370,Joshua,May,joshua.may@example.com,West Debbiefort,2024-03-31
371,Veronica,Lynch,veronica.lynch@example.com,Coreyfort,2025-07-01
372,Aimee,Martinez,aimee.martinez@example.com,Carlosside,2023-08-28
373,Robert,Jones,robert.jones@example.com,Lake Rebecca,2024-01-16
374,Michael,Farmer,michael.farmer@example.com,Sandrachester,2024-10-21
375,Tammy,Richardson,tammy.richardson@example.com,South Brittanyburgh,2024-11-21
376,Terri,Rivera,terri.rivera@example.com,East Maryborough,2023-08-15
377,Steve,Dorsey,steve.dorsey@example.com,Port Michaelmouth,2024-10-23
378,Tracy,Washington,tracy.washington@example.com,North Austin,2025-01-26
379,Christy,Medina,christy.medina@example.com,New Cindy,2025-07-13
380,Ryan,Parker,ryan.parker@example.com,Salasland,2025-06-01
381,Thomas,Wheeler,thomas.wheeler@example.com,North Joshua,2023-10-27
382,James,Keller,james.keller@example.com,Hannahstad,2024-04-09
383,Kevin,Atkins,kevin.atkins@example.com,Lake Danielton,2024-02-21
384,Daniel,Allen,daniel.allen@example.com,Hensleyburgh,2024-12-13
385,Sarah,Martin,sarah.martin@example.com,Port Patriciamouth,2024-05-02
386,Michael,Collins,michael.collins@example.com,Lake Carol,2024-10-18
387,Jeffrey,Coleman,jeffrey.coleman@example.com,Taylorville,2024-11-13
388,Michael,Velazquez,michael.velazquez@example.com,Brianchester,2025-07-13
389,Michelle,Riley,michelle.riley@example.com,Hullside,2024-01-09
390,Catherine,Bailey,catherine.bailey@example.com,Sarahtown,2023-09-20
391,Joseph,Robles,joseph.robles@example.com,West Abigail,2025-02-27
392,Kelly,Pineda,kelly.pineda@example.com,Williamston,2025-03-23
393,Lindsey,Bullock,lindsey.bullock@example.com,New Michaelchester,2024-12-21
394,Lisa,Wade,lisa.wade@example.com,East Walterfurt,2024-06-17
395,Amanda,Avila,amanda.avila@example.com,Mccannborough,2023-11-18
396,Heather,Shepard,heather.shepard@example.com,Lake Jonathonshire,2024-09-27
397,Stephanie,Roberts,stephanie.roberts@example.com,North Raymond,2023-12-25
398,Mary,Castillo,mary.castillo@example.com,Dianamouth,2024-12-04
399,Luke,Glenn,luke.glenn@example.com,North Markshire,2024-05-28
400,Chad,Hernandez,chad.hernandez@example.com,West Carl,2025-07-24
401,Christopher,Copeland,christopher.copeland@example.com,South Markland,2025-06-27
402,Brittany,Cook,brittany.cook@example.com,West Michelle,2025-08-06
403,Tim,Garcia,tim.garcia@example.com,Schmidtport,2024-04-02
404,Andrew,Lam,andrew.lam@example.com,New Robert,2024-07-22
405,Jeffrey,Nelson,jeffrey.nelson@example.com,New Elizabeth,2024-05-08
406,Valerie,Jones,valerie.jones@example.com,Port Ebonyton,2024-01-07
407,Karen,Smith,karen.smith@example.com,Williambury,2024-03-19
408,Janice,Wheeler,janice.wheeler@example.com,Jacobland,2024-10-30
409,Jerry,Hardy,jerry.hardy@example.com,Ochoamouth,2024-12-14
410,Erin,Berger,erin.berger@example.com,Fergusonstad,2024-02-12
411,Jane,Gonzalez,jane.gonzalez@example.com,Port Dustin,2023-11-02
412,Sonya,Mckenzie,sonya.mckenzie@example.com,Danielhaven,2025-05-08
413,Eric,Johns,eric.johns@example.com,Duaneville,2024-05-14
414,Ronald,Walker,ronald.walker@example.com,Port Laurie,2023-08-16
415,Stephanie,Ramirez,stephanie.ramirez@example.com,Davidville,2025-04-23
416,Chad,Ward,chad.ward@example.com,Perryberg,2023-11-29
417,George,Carlson,george.carlson@example.com,North Elizabeth,2025-05-13
418,Bruce,Ramirez,bruce.ramirez@example.com,Lake Erica,2023-12-03
419,Sarah,Lee,sarah.lee@example.com,Anthonyborough,2024-02-11
420,Daniel,Ramirez,daniel.ramirez@example.com,Port Shirley,2024-04-27
421,Amanda,Costa,amanda.costa@example.com,West Ronald,2024-12-05
422,Shannon,Lawson,shannon.lawson@example.com,Ericshire,2024-07-24
423,William,Gray,william.gray@example.com,Hicksmouth,2023-08-22
424,Deborah,Jones,deborah.jones@example.com,Haroldberg,2024-03-12
425,Keith,Quinn,keith.quinn@example.com,Knappchester,2023-10-27
426,Heather,Brown,heather.brown@example.com,Sharpborough,2023-11-03
427,Rick,Farrell,rick.farrell@example.com,New Donaldfort,2024-04-22
428,Michael,Garrett,michael.garrett@example.com,Johnview,2023-09-08
429,Haley,Murray,haley.murray@example.com,Cortezland,2023-12-07
430,Melanie,Watson,melanie.watson@example.com,Port Deborah,2023-12-09
431,Kaitlyn,Chapman,kaitlyn.chapman@example.com,Petersonburgh,2025-01-31
432,Victor,Walters,victor.walters@example.com,Rojasland,2025-05-22
433,Courtney,Jenkins,courtney.jenkins@example.com,Port Catherinemouth,2023-09-27
434,Helen,Bates,helen.bates@example.com,Ramirezville,2024-06-15
435,Brian,Berger,brian.berger@example.com,Jenniferview,2024-10-29
436,Kenneth,Cook,kenneth.cook@example.com,Schmittchester,2024-10-24
437,Eric,Thomas,eric.thomas@example.com,New Yvonnehaven,2023-10-16
438,Peter,Ortega,peter.ortega@example.com,Nathanielfort,2024-05-27
439,Erica,Lane,erica.lane@example.com,Lake Robertborough,2025-03-12
440,Danny,Ross,danny.ross@example.com,Johnsonberg,2024-04-11
441,Lisa,Rowe,lisa.rowe@example.com,Smithville,2024-04-07
442,Kevin,Williams,kevin.williams@example.com,Cherylside,2024-06-06
443,Beth,Brooks,beth.brooks@example.com,Shawburgh,2024-02-07
444,Victoria,Hess,victoria.hess@example.com,Sallyville,2025-03-04
445,Phillip,Robinson,phillip.robinson@example.com,Lake Logan,2025-05-22
446,George,Barnes,george.barnes@example.com,Port Dianestad,2024-01-17
447,Brian,Roberts,brian.roberts@example.com,Bowenburgh,2025-06-06
448,David,Ashley,david.ashley@example.com,Port Courtney,2025-01-03
449,Stephen,Garza,stephen.garza@example.com,East Duaneland,2023-11-13
450,Todd,Green,todd.green@example.com,South Sean,2025-07-01
451,David,Miller,david.miller@example.com,Lake Warren,2023-11-09
452,Randall,Perry,randall.perry@example.com,New Melissaburgh,2024-05-11
453,Adam,Brown,adam.brown@example.com,West Stacy,2023-10-13
454,Derrick,Lewis,derrick.lewis@example.com,Codyfort,2024-06-20
455,Tracey,Anderson,tracey.anderson@example.com,Lake Michelleside,2025-01-23
456,Jennifer,Haynes,jennifer.haynes@example.com,New Christophermouth,2024-07-12
457,Brian,Freeman,brian.freeman@example.com,Gravesberg,2024-02-10
458,Ashley,Bush,ashley.bush@example.com,Alexanderchester,2023-11-13
459,Cory,Rodriguez,cory.rodriguez@example.com,East Kayla,2024-09-16
460,Jessica,Davis,jessica.davis@example.com,South Patriciafurt,2025-07-16
461,Adam,Williams,adam.williams@example.com,South Brianville,2025-03-05
462,Patrick,Barnes,patrick.barnes@example.com,South Ashleymouth,2024-01-15
463,Suzanne,Strickland,suzanne.strickland@example.com,North Jaybury,2023-09-17
464,Julie,Cox,julie.cox@example.com,Lake Peter,2024-01-22
465,Kyle,Heath,kyle.heath@example.com,Lake Donaldton,2024-03-18
466,Felicia,Parks,felicia.parks@example.com,New Rachelview,2024-12-21
467,Joseph,Garcia,joseph.garcia@example.com,North Tommytown,2024-11-22
468,Justin,Combs,justin.combs@example.com,Richardmouth,2025-04-21
469,Stephanie,Brooks,stephanie.brooks@example.com,South Jeromeburgh,2024-08-26
470,Angela,May,angela.may@example.com,Kennedyfort,2025-07-18
471,Tina,Holmes,tina.holmes@example.com,Meredithhaven,2025-07-11
472,Alexandra,Booth,alexandra.booth@example.com,Port Johnton,2023-10-12
473,Amber,Boyd,amber.boyd@example.com,Port Clairefurt,2025-05-22
474,Daniel,Cox,daniel.cox@example.com,Samuelborough,2023-12-23
475,Tiffany,Vasquez,tiffany.vasquez@example.com,Torreschester,2023-10-21
476,Sydney,Price,sydney.price@example.com,South Shannonfurt,2024-11-04
477,Caroline,Velazquez,caroline.velazquez@example.com,South Moniquefurt,2025-04-07
478,Jeffrey,Olson,jeffrey.olson@example.com,Mackborough,2025-02-19
479,Timothy,Brown,timothy.brown@example.com,Hendrixview,2024-12-28
480,Robert,Gray,robert.gray@example.com,Mathisbury,2024-12-30
481,Lindsay,Smith,lindsay.smith@example.com,West Connie,2025-05-16
482,Nicholas,Cook,nicholas.cook@example.com,South Deanna,2023-10-28
483,Daniel,Douglas,daniel.douglas@example.com,Port Jason,2024-08-09
484,Tonya,Ferguson,tonya.ferguson@example.com,North Royville,2023-11-30
485,Jennifer,Middleton,jennifer.middleton@example.com,Jenniferchester,2024-08-04
486,Raymond,Walker,raymond.walker@example.com,Port Caitlynhaven,2024-11-22
487,Shawna,Vasquez,shawna.vasquez@example.com,Bradleyville,2024-10-11
488,Jennifer,Weaver,jennifer.weaver@example.com,New Cindystad,2024-06-13
489,Amanda,Johnson,amanda.johnson@example.com,South Troyland,2025-06-27
490,Samuel,Holland,samuel.holland@example.com,New George,2025-06-03
491,Lori,Bennett,lori.bennett@example.com,East Erinbury,2025-01-16
492,Carlos,Moore,carlos.moore@example.com,Cochranview,2023-10-21
493,Michael,Stephens,michael.stephens@example.com,New Cheyennechester,2023-12-09
494,Kevin,Vincent,kevin.vincent@example.com,Hannahville,2025-02-06
495,Heidi,Williams,heidi.williams@example.com,West Emmastad,2025-03-06
496,Andrew,Berry,andrew.berry@example.com,Austinmouth,2024-11-07
497,Deanna,Patton,deanna.patton@example.com,Christopherland,2025-02-18
498,Donald,Armstrong,donald.armstrong@example.com,Oneillshire,2025-05-02
499,Carly,Jordan,carly.jordan@example.com,Robertberg,2025-03-26
500,Tara,Kelley,tara.kelley@example.com,North Jenniferchester,2025-04-06
